{"cameraMode":{"drawMode":0,"name":"Shaded","section":"Shading Mode"},"sceneLighting":false,"audioPlay":false,"sceneViewState":{"showFog":true,"showMaterialUpdate":false,"showSkybox":false,"showFlares":true,"showImageEffects":true,"showParticleSystems":true},"in2DMode":false,"pivot":{"x":5.809999942779541,"y":-1.2699999809265137,"z":0.0},"rotation":{"x":0.049411673098802569,"y":-0.05241101607680321,"z":0.002596494508907199,"w":0.997399091720581},"size":0.9912652969360352,"orthographic":false}